<annotation>
	<folder>cr</folder>
	<filename>1085.jpg</filename>
	<source>
		<database>NEU-DET</database>
	</source>
	<size>
		<width>200</width>
		<height>200</height>
		<depth>1</depth>
	</size>
	<segmented>0</segmented>
	<object>
		<name>crazing</name>
		<pose>Unspecified</pose>
		<truncated>0</truncated>
		<difficult>0</difficult>
		<bndbox>
			<xmin>71</xmin>
			<ymin>21</ymin>
			<xmax>140</xmax>
			<ymax>114</ymax>
		</bndbox>
	</object>
	<object>
		<name>crazing</name>
		<pose>Unspecified</pose>
		<truncated>1</truncated>
		<difficult>0</difficult>
		<bndbox>
			<xmin>1</xmin>
			<ymin>126</ymin>
			<xmax>89</xmax>
			<ymax>176</ymax>
		</bndbox>
	</object>
	<object>
		<name>crazing</name>
		<pose>Unspecified</pose>
		<truncated>0</truncated>
		<difficult>0</difficult>
		<bndbox>
			<xmin>124</xmin>
			<ymin>117</ymin>
			<xmax>199</xmax>
			<ymax>173</ymax>
		</bndbox>
	</object>
</annotation>