<annotation>
	<folder>ps</folder>
	<filename>1333.jpg</filename>
	<source>
  		 <database>NEU-DET</database>
	</source>
	<size>
		<width>200</width>
		<height>200</height>
		<depth>1</depth>
	</size>
	<segmented>0</segmented>
	<object>
		<name>pitted_surface</name>
		<pose>Unspecified</pose>
		<truncated>1</truncated>
		<difficult>0</difficult>
		<bndbox>
			<xmin>55</xmin>
			<ymin>86</ymin>
			<xmax>199</xmax>
			<ymax>200</ymax>
		</bndbox>
	</object>
	<object>
		<name>pitted_surface</name>
		<pose>Unspecified</pose>
		<truncated>1</truncated>
		<difficult>0</difficult>
		<bndbox>
			<xmin>23</xmin>
			<ymin>1</ymin>
			<xmax>180</xmax>
			<ymax>95</ymax>
		</bndbox>
	</object>
</annotation>