<annotation>
	<folder>cr</folder>
	<filename>1381.jpg</filename>
	<source>
		<database>NEU-DET</database>
	</source>
	<size>
		<width>200</width>
		<height>200</height>
		<depth>1</depth>
	</size>
	<segmented>0</segmented>
	<object>
		<name>crazing</name>
		<pose>Unspecified</pose>
		<truncated>1</truncated>
		<difficult>0</difficult>
		<bndbox>
			<xmin>1</xmin>
			<ymin>58</ymin>
			<xmax>174</xmax>
			<ymax>128</ymax>
		</bndbox>
	</object>
	<object>
		<name>crazing</name>
		<pose>Unspecified</pose>
		<truncated>1</truncated>
		<difficult>0</difficult>
		<bndbox>
			<xmin>1</xmin>
			<ymin>6</ymin>
			<xmax>149</xmax>
			<ymax>72</ymax>
		</bndbox>
	</object>
	<object>
		<name>crazing</name>
		<pose>Unspecified</pose>
		<truncated>1</truncated>
		<difficult>0</difficult>
		<bndbox>
			<xmin>1</xmin>
			<ymin>123</ymin>
			<xmax>187</xmax>
			<ymax>198</ymax>
		</bndbox>
	</object>
</annotation>