<annotation>
	<folder>in</folder>
	<filename>189.jpg</filename>
	<source>
		<database>NEU-DET</database>
	</source>
	<size>
		<width>200</width>
		<height>200</height>
		<depth>1</depth>
	</size>
	<segmented>0</segmented>
	<object>
		<name>inclusion</name>
		<pose>Unspecified</pose>
		<truncated>0</truncated>
		<difficult>0</difficult>
		<bndbox>
			<xmin>111</xmin>
			<ymin>86</ymin>
			<xmax>128</xmax>
			<ymax>129</ymax>
		</bndbox>
	</object>
	<object>
		<name>inclusion</name>
		<pose>Unspecified</pose>
		<truncated>0</truncated>
		<difficult>1</difficult>
		<bndbox>
			<xmin>92</xmin>
			<ymin>137</ymin>
			<xmax>123</xmax>
			<ymax>198</ymax>
		</bndbox>
	</object>
	<object>
		<name>inclusion</name>
		<pose>Unspecified</pose>
		<truncated>0</truncated>
		<difficult>1</difficult>
		<bndbox>
			<xmin>57</xmin>
			<ymin>112</ymin>
			<xmax>87</xmax>
			<ymax>173</ymax>
		</bndbox>
	</object>
</annotation>