<annotation>
  <folder>ps</folder>
  <filename>464.jpg</filename>
  <source>
  		 <database>NEU-DET</database>
  </source>
  <size>
    <width>200</width>
    <height>200</height>
    <depth>1</depth>
  </size>
  <segmented>0</segmented>
  <object>
    <name>pitted_surface</name>
    <pose>Unspecified</pose>
    <truncated>0</truncated>
    <difficult>0</difficult>
    <bndbox>
      <xmin>1</xmin>
      <ymin>19</ymin>
      <xmax>56</xmax>
      <ymax>197</ymax>
    </bndbox>
  </object>
  <object>
    <name>pitted_surface</name>
    <pose>Unspecified</pose>
    <truncated>0</truncated>
    <difficult>0</difficult>
    <bndbox>
      <xmin>66</xmin>
      <ymin>29</ymin>
      <xmax>157</xmax>
      <ymax>180</ymax>
    </bndbox>
  </object>
</annotation>