<annotation>
	<folder>in</folder>
	<filename>49.jpg</filename>
	<source>
		<database>NEU-DET</database>
	</source>
	<size>
		<width>200</width>
		<height>200</height>
		<depth>1</depth>
	</size>
	<segmented>0</segmented>
	<object>
		<name>inclusion</name>
		<pose>Unspecified</pose>
		<truncated>0</truncated>
		<difficult>1</difficult>
		<bndbox>
			<xmin>14</xmin>
			<ymin>105</ymin>
			<xmax>25</xmax>
			<ymax>133</ymax>
		</bndbox>
	</object>
	<object>
		<name>inclusion</name>
		<pose>Unspecified</pose>
		<truncated>0</truncated>
		<difficult>0</difficult>
		<bndbox>
			<xmin>166</xmin>
			<ymin>70</ymin>
			<xmax>188</xmax>
			<ymax>117</ymax>
		</bndbox>
	</object>
</annotation>