<annotation>
	<folder>cr</folder>
	<filename>548.jpg</filename>
	<source>
		<database>NEU-DET</database>
	</source>
	<size>
		<width>200</width>
		<height>200</height>
		<depth>1</depth>
	</size>
	<segmented>0</segmented>
	<object>
		<name>crazing</name>
		<pose>Unspecified</pose>
		<truncated>0</truncated>
		<difficult>0</difficult>
		<bndbox>
			<xmin>3</xmin>
			<ymin>2</ymin>
			<xmax>96</xmax>
			<ymax>62</ymax>
		</bndbox>
	</object>
	<object>
		<name>crazing</name>
		<pose>Unspecified</pose>
		<truncated>0</truncated>
		<difficult>0</difficult>
		<bndbox>
			<xmin>5</xmin>
			<ymin>78</ymin>
			<xmax>103</xmax>
			<ymax>199</ymax>
		</bndbox>
	</object>
	<object>
		<name>crazing</name>
		<pose>Unspecified</pose>
		<truncated>0</truncated>
		<difficult>0</difficult>
		<bndbox>
			<xmin>124</xmin>
			<ymin>3</ymin>
			<xmax>199</xmax>
			<ymax>162</ymax>
		</bndbox>
	</object>
</annotation>