<annotation>
  <folder>ps</folder>
  <filename>854.jpg</filename>
  <source>
  		 <database>NEU-DET</database>
  </source>
  <size>
    <width>200</width>
    <height>200</height>
    <depth>1</depth>
  </size>
  <segmented>0</segmented>
  <object>
    <name>pitted_surface</name>
    <pose>Unspecified</pose>
    <truncated>0</truncated>
    <difficult>0</difficult>
    <bndbox>
      <xmin>14</xmin>
      <ymin>57</ymin>
      <xmax>77</xmax>
      <ymax>193</ymax>
    </bndbox>
  </object>
  <object>
    <name>pitted_surface</name>
    <pose>Unspecified</pose>
    <truncated>0</truncated>
    <difficult>0</difficult>
    <bndbox>
      <xmin>101</xmin>
      <ymin>60</ymin>
      <xmax>147</xmax>
      <ymax>199</ymax>
    </bndbox>
  </object>
</annotation>