<annotation>
	<folder>cr</folder>
	<filename>984.jpg</filename>
	<source>
		<database>NEU-DET</database>
	</source>
	<size>
		<width>200</width>
		<height>200</height>
		<depth>1</depth>
	</size>
	<segmented>0</segmented>
	<object>
		<name>crazing</name>
		<pose>Unspecified</pose>
		<truncated>1</truncated>
		<difficult>0</difficult>
		<bndbox>
			<xmin>1</xmin>
			<ymin>47</ymin>
			<xmax>136</xmax>
			<ymax>101</ymax>
		</bndbox>
	</object>
	<object>
		<name>crazing</name>
		<pose>Unspecified</pose>
		<truncated>1</truncated>
		<difficult>0</difficult>
		<bndbox>
			<xmin>1</xmin>
			<ymin>106</ymin>
			<xmax>129</xmax>
			<ymax>188</ymax>
		</bndbox>
	</object>
</annotation>