<annotation>
	<folder>IMAGES</folder>
	<filename>6.jpg</filename>
	<path>C:\Users\cheny\Desktop\企业内训\上汽大众\2022规划\E条线\【E15】\IMAGES\6.jpg</path>
	<source>
		<database>Unknown</database>
	</source>
	<size>
		<width>1920</width>
		<height>1200</height>
		<depth>3</depth>
	</size>
	<segmented>0</segmented>
	<object>
		<name>bug</name>
		<pose>Unspecified</pose>
		<truncated>0</truncated>
		<difficult>0</difficult>
		<bndbox>
			<xmin>1262</xmin>
			<ymin>379</ymin>
			<xmax>1583</xmax>
			<ymax>416</ymax>
		</bndbox>
	</object>
</annotation>
