<annotation>
	<folder>IMAGES</folder>
	<filename>front_damper_1.JPG</filename>
	<path>C:\Users\cheny\Desktop\企业内训\上汽大众\2022规划\E条线\【E15】\IMAGES\front_damper_1.JPG</path>
	<source>
		<database>Unknown</database>
	</source>
	<size>
		<width>5184</width>
		<height>3456</height>
		<depth>3</depth>
	</size>
	<segmented>0</segmented>
	<object>
		<name>bug</name>
		<pose>Unspecified</pose>
		<truncated>0</truncated>
		<difficult>0</difficult>
		<bndbox>
			<xmin>2033</xmin>
			<ymin>1568</ymin>
			<xmax>2530</xmax>
			<ymax>1639</ymax>
		</bndbox>
	</object>
	<object>
		<name>bug</name>
		<pose>Unspecified</pose>
		<truncated>0</truncated>
		<difficult>0</difficult>
		<bndbox>
			<xmin>3153</xmin>
			<ymin>1433</ymin>
			<xmax>3836</xmax>
			<ymax>1515</ymax>
		</bndbox>
	</object>
</annotation>
