<annotation>
	<folder>IMAGES</folder>
	<filename>front_damper_2.JPG</filename>
	<path>C:\Users\cheny\Desktop\企业内训\上汽大众\2022规划\E条线\【E15】\IMAGES\front_damper_2.JPG</path>
	<source>
		<database>Unknown</database>
	</source>
	<size>
		<width>5184</width>
		<height>3456</height>
		<depth>3</depth>
	</size>
	<segmented>0</segmented>
	<object>
		<name>bug</name>
		<pose>Unspecified</pose>
		<truncated>0</truncated>
		<difficult>0</difficult>
		<bndbox>
			<xmin>1977</xmin>
			<ymin>1715</ymin>
			<xmax>2683</xmax>
			<ymax>1792</ymax>
		</bndbox>
	</object>
	<object>
		<name>bug</name>
		<pose>Unspecified</pose>
		<truncated>0</truncated>
		<difficult>0</difficult>
		<bndbox>
			<xmin>2780</xmin>
			<ymin>1648</ymin>
			<xmax>3456</xmax>
			<ymax>1727</ymax>
		</bndbox>
	</object>
</annotation>
