<annotation>
	<folder>IMAGES</folder>
	<filename>longi_arm3.JPG</filename>
	<path>C:\Users\cheny\Desktop\企业内训\上汽大众\2022规划\E条线\【E15】\IMAGES\longi_arm3.JPG</path>
	<source>
		<database>Unknown</database>
	</source>
	<size>
		<width>5184</width>
		<height>3456</height>
		<depth>3</depth>
	</size>
	<segmented>0</segmented>
	<object>
		<name>bug</name>
		<pose>Unspecified</pose>
		<truncated>0</truncated>
		<difficult>0</difficult>
		<bndbox>
			<xmin>2303</xmin>
			<ymin>1633</ymin>
			<xmax>2868</xmax>
			<ymax>1777</ymax>
		</bndbox>
	</object>
</annotation>
